event_id,drone_id,timestamp,anomaly_type,experiment_time,distance_to_path,data_age,max_deviation,telemetry_loss,hijack_duration,success_criteria_met,event_type
0,1,2026-05-04 14:47:56,NONE,34.19859862327576,0.010845318711089503,0.5375096797943115,0.010845318711089503,0,0,0,DETECTION
1,2,2026-05-04 14:47:57,NONE,34.32096219062805,0.010035974997344928,0.5223159790039062,0.010035974997344928,0,0,0,DETECTION
2,1,2026-05-04 14:47:57,NONE,35.07983374595642,0.028676328236772075,0.28254032135009766,0.028676328236772075,0,0,0,DETECTION
3,2,2026-05-04 14:47:57,NONE,35.08429837226868,0.036743721102170016,0.2661447525024414,0.036743721102170016,0,0,0,DETECTION
4,1,2026-05-04 14:47:58,NONE,35.76858830451965,0.012158491141134044,0.3619534969329834,0.028676328236772075,0,0,0,DETECTION
5,2,2026-05-04 14:47:58,NONE,35.773200035095215,0.028932136797850113,0.3566615581512451,0.036743721102170016,0,0,0,DETECTION
6,1,2026-05-04 14:47:59,NONE,36.45187544822693,0.016809618041531613,0.45693111419677734,0.028676328236772075,0,0,0,DETECTION
7,2,2026-05-04 14:47:59,NONE,36.45782709121704,0.024890816090667983,0.440906286239624,0.036743721102170016,0,0,0,DETECTION
8,1,2026-05-04 14:47:59,NONE,37.160383462905884,0.002063949674962418,0.5643799304962158,0.028676328236772075,0,0,0,DETECTION
9,2,2026-05-04 14:47:59,NONE,37.165446758270264,0.020553834670985427,0.558722734451294,0.036743721102170016,0,0,0,DETECTION
10,1,2026-05-04 14:48:00,NONE,37.9019660949707,0.014264080692068094,0.10461139678955078,0.028676328236772075,0,0,0,DETECTION
11,2,2026-05-04 14:48:00,NONE,37.90546703338623,0.0307612960863263,0.09889006614685059,0.036743721102170016,0,0,0,DETECTION
12,1,2026-05-04 14:48:01,NONE,38.69379782676697,0.005384151339530935,0.2966940402984619,0.028676328236772075,0,0,0,DETECTION
13,2,2026-05-04 14:48:01,NONE,38.697930335998535,0.008068739234678384,0.2916903495788574,0.036743721102170016,0,0,0,DETECTION
14,1,2026-05-04 14:48:02,NONE,39.41392135620117,0.007684244679744866,0.4192667007446289,0.028676328236772075,0,0,0,DETECTION
15,2,2026-05-04 14:48:02,NONE,39.478328227996826,0.01056657075881956,0.4141693115234375,0.036743721102170016,0,0,0,DETECTION
16,1,2026-05-04 14:48:03,NONE,40.28488540649414,0.01240273892879487,0.09210968017578125,0.028676328236772075,0,0,0,DETECTION
17,2,2026-05-04 14:48:03,NONE,40.28854537010193,0.015484251976013164,0.08663058280944824,0.036743721102170016,0,0,0,DETECTION
18,1,2026-05-04 14:48:03,NONE,41.05786967277527,0.00034701406955719993,0.265561580657959,0.028676328236772075,0,0,0,DETECTION
19,2,2026-05-04 14:48:03,NONE,41.063047647476196,0.012056418657302836,0.2601439952850342,0.036743721102170016,0,0,0,DETECTION
20,1,2026-05-04 14:48:04,NONE,41.8200409412384,0.008180205225944509,0.4295651912689209,0.028676328236772075,0,0,0,DETECTION
21,2,2026-05-04 14:48:04,NONE,41.82382154464722,0.01781604528427122,0.423997163772583,0.036743721102170016,0,0,0,DETECTION
22,1,2026-05-04 14:48:05,NONE,42.771031618118286,0,0.0723116397857666,0.028676328236772075,0,0,0,DETECTION
23,2,2026-05-04 14:48:05,NONE,42.84658598899841,0,0.06765246391296387,0.036743721102170016,0,0,0,DETECTION
24,1,2026-05-04 14:48:06,NONE,43.669960021972656,0.09233663834233329,0.4750945568084717,0.09233663834233329,0,0,0,DETECTION
25,2,2026-05-04 14:48:06,NONE,43.67419910430908,0.13242835258345156,0.46965646743774414,0.13242835258345156,0,0,0,DETECTION
26,1,2026-05-04 14:48:07,NONE,44.46440649032593,0.006495825578936453,0.06873536109924316,0.09233663834233329,0,0,0,DETECTION
27,2,2026-05-04 14:48:07,NONE,44.541356563568115,0.013525331683583169,0.06340813636779785,0.13242835258345156,0,0,0,DETECTION
28,1,2026-05-04 14:48:08,NONE,45.332892417907715,0.009490384001864954,0.3391385078430176,0.09233663834233329,0,0,0,DETECTION
29,2,2026-05-04 14:48:08,NONE,45.33788824081421,0.00894679504879228,0.3340275287628174,0.13242835258345156,0,0,0,DETECTION
30,1,2026-05-04 14:48:09,NONE,46.21829319000244,0.01120520630720527,0.02793717384338379,0.09233663834233329,0,0,0,DETECTION
31,2,2026-05-04 14:48:09,NONE,46.22424054145813,0.014701754280515735,0.023556947708129883,0.13242835258345156,0,0,0,DETECTION
32,1,2026-05-04 14:48:09,NONE,47.115838289260864,0.005181228755878536,0.31984829902648926,0.09233663834233329,0,0,0,DETECTION
33,2,2026-05-04 14:48:09,NONE,47.119882106781006,0.01291249713491383,0.31470417976379395,0.13242835258345156,0,0,0,DETECTION
34,1,2026-05-04 14:48:10,NONE,48.02985644340515,0.0008241033554077237,0.04176020622253418,0.09233663834233329,0,0,0,DETECTION
35,2,2026-05-04 14:48:10,NONE,48.035659074783325,0.006331683176416746,0.03687000274658203,0.13242835258345156,0,0,0,DETECTION
36,1,2026-05-04 14:48:11,NONE,48.810874223709106,0.00854991912841796,0.22392630577087402,0.09233663834233329,0,0,0,DETECTION
37,2,2026-05-04 14:48:11,NONE,48.81512713432312,0.004186027050018359,0.20685291290283203,0.13242835258345156,0,0,0,DETECTION
38,1,2026-05-04 14:48:12,NONE,49.732497215270996,0.009308805465698233,0.5466983318328857,0.09233663834233329,0,0,0,DETECTION
39,2,2026-05-04 14:48:12,NONE,49.80345273017883,0.00032592535018916013,0.531184196472168,0.13242835258345156,0,0,0,DETECTION
40,1,2026-05-04 14:48:13,NONE,50.71165895462036,0.007612099647521964,0.318967342376709,0.09233663834233329,0,0,0,DETECTION
41,2,2026-05-04 14:48:13,NONE,50.716288566589355,0.0015413832664489258,0.31359410285949707,0.13242835258345156,0,0,0,DETECTION
42,1,2026-05-04 14:48:14,NONE,51.711567878723145,0,0.05011796951293945,0.09233663834233329,0,0,0,DETECTION
43,2,2026-05-04 14:48:14,NONE,51.79652428627014,0,0.04396867752075195,0.13242835258345156,0,0,0,DETECTION
44,1,2026-05-04 14:48:15,NONE,52.71501612663269,0.0009332799911498935,0.5271785259246826,0.09233663834233329,0,0,0,DETECTION
45,2,2026-05-04 14:48:15,NONE,52.719613790512085,0.0034700703620910156,0.5224077701568604,0.13242835258345156,0,0,0,DETECTION
46,1,2026-05-04 14:48:16,NONE,53.642215728759766,0.016473660469055185,0.24686217308044434,0.09233663834233329,0,0,0,DETECTION
47,2,2026-05-04 14:48:16,NONE,53.64733624458313,0.0021238255500793946,0.24102020263671875,0.13242835258345156,0,0,0,DETECTION
48,1,2026-05-04 14:48:17,NONE,54.52875208854675,0.01435409317761564,0.5391430854797363,0.09233663834233329,0,0,0,DETECTION
49,2,2026-05-04 14:48:17,NONE,54.53541612625122,0.002984769344329785,0.5334427356719971,0.13242835258345156,0,0,0,DETECTION
50,1,2026-05-04 14:48:18,NONE,55.46218514442444,0.0062051916122436435,0.27301573753356934,0.09233663834233329,0,0,0,DETECTION
51,2,2026-05-04 14:48:18,NONE,55.53680205345154,0.0070769715309143555,0.2559511661529541,0.13242835258345156,0,0,0,DETECTION
52,1,2026-05-04 14:48:19,NONE,56.49964904785156,0.004685421929036699,0.10752105712890625,0.09233663834233329,0,0,0,DETECTION
53,2,2026-05-04 14:48:19,NONE,56.50380206108093,0.0020221996307373535,0.10218620300292969,0.13242835258345156,0,0,0,DETECTION
54,1,2026-05-04 14:48:20,NONE,57.47640013694763,0.002674529217502751,0.4923863410949707,0.09233663834233329,0,0,0,DETECTION
55,2,2026-05-04 14:48:20,NONE,57.480224609375,0.002364761829376172,0.4782397747039795,0.13242835258345156,0,0,0,DETECTION
56,1,2026-05-04 14:48:21,NONE,58.402706146240234,0.0059022780685559885,0.2187182903289795,0.09233663834233329,0,0,0,DETECTION
57,2,2026-05-04 14:48:21,NONE,58.40707468986511,0.0018863749504088867,0.20381951332092285,0.13242835258345156,0,0,0,DETECTION
58,1,2026-05-04 14:48:22,NONE,59.238980770111084,0.0019211673736572177,0.4465522766113281,0.09233663834233329,0,0,0,DETECTION
59,2,2026-05-04 14:48:22,NONE,59.243977785110474,0.0035945844650268066,0.4414405822753906,0.13242835258345156,0,0,0,DETECTION
60,1,2026-05-04 14:48:22,NONE,60.132112979888916,0.005803821826495113,0.14063215255737305,0.09233663834233329,0,0,0,DETECTION
61,2,2026-05-04 14:48:22,NONE,60.13697266578674,0.0020247626304626953,0.1355571746826172,0.13242835258345156,0,0,0,DETECTION
62,1,2026-05-04 14:48:23,NONE,61.022972106933594,0.00012660980224610263,0.4317641258239746,0.09233663834233329,0,0,0,DETECTION
63,2,2026-05-04 14:48:23,NONE,61.09500694274902,0.0019149112701416504,0.4270961284637451,0.13242835258345156,0,0,0,DETECTION
64,1,2026-05-04 14:48:24,NONE,62.127912282943726,0.004044811674006713,0.3272519111633301,0.09233663834233329,0,0,0,DETECTION
65,2,2026-05-04 14:48:24,NONE,62.13364338874817,0.009539716243743945,0.33242154121398926,0.13242835258345156,0,0,0,DETECTION
66,1,2026-05-04 14:48:25,NONE,63.11366009712219,0.009784927368164054,0.1283867359161377,0.09233663834233329,0,0,0,DETECTION
67,2,2026-05-04 14:48:25,NONE,63.11729431152344,0.0075766515731811035,0.11242914199829102,0.13242835258345156,0,0,0,DETECTION
68,1,2026-05-04 14:48:26,NONE,64.00916838645935,0.007940587836463085,0.41870784759521484,0.09233663834233329,0,0,0,DETECTION
69,2,2026-05-04 14:48:26,NONE,64.01336598396301,0.008279032707214307,0.40268516540527344,0.13242835258345156,0,0,0,DETECTION
70,1,2026-05-04 14:48:27,NONE,64.92232203483582,0.00048304557800293857,0.13988208770751953,0.09233663834233329,0,0,0,DETECTION
71,2,2026-05-04 14:48:27,NONE,64.92679524421692,0.00045751810073857424,0.125457763671875,0.13242835258345156,0,0,0,DETECTION
72,1,2026-05-04 14:48:28,NONE,65.86970639228821,0.005748519897460946,0.4820542335510254,0.09233663834233329,0,0,0,DETECTION
73,2,2026-05-04 14:48:28,NONE,65.87466073036194,0.0005500984191894043,0.4659159183502197,0.13242835258345156,0,0,0,DETECTION
74,1,2026-05-04 14:48:29,NONE,66.82499861717224,0.005363831520080575,0.23644208908081055,0.09233663834233329,0,0,0,DETECTION
75,2,2026-05-04 14:48:29,NONE,66.90950512886047,0.009265668392181348,0.23180413246154785,0.13242835258345156,0,0,0,DETECTION
76,1,2026-05-04 14:48:30,NONE,67.91986918449402,0.0035833834028318446,0.13114428520202637,0.09233663834233329,0,0,0,DETECTION
77,2,2026-05-04 14:48:30,NONE,67.92425990104675,0.00595033884048457,0.12653636932373047,0.13242835258345156,0,0,0,DETECTION
78,1,2026-05-04 14:48:31,NONE,68.89207148551941,0.007531298759431347,0.5006067752838135,0.09233663834233329,0,0,0,DETECTION
79,2,2026-05-04 14:48:31,NONE,68.89622092247009,0.005706794261932324,0.49530673027038574,0.13242835258345156,0,0,0,DETECTION
80,1,2026-05-04 14:48:32,NONE,69.8170006275177,0.0015984869003295987,0.22986268997192383,0.09233663834233329,0,0,0,DETECTION
81,2,2026-05-04 14:48:32,NONE,69.8216507434845,0.0016648101806641113,0.22456932067871094,0.13242835258345156,0,0,0,DETECTION
82,1,2026-05-04 14:48:33,NONE,70.73401999473572,0.00591221842313253,0.5525083541870117,0.09233663834233329,0,0,0,DETECTION
83,2,2026-05-04 14:48:33,NONE,70.73964285850525,0.0043036413192748535,0.5382637977600098,0.13242835258345156,0,0,0,DETECTION
84,1,2026-05-04 14:48:34,NONE,71.86039352416992,0.005569567680358878,0.47074341773986816,0.09233663834233329,0,0,0,DETECTION
85,2,2026-05-04 14:48:34,NONE,71.93557500839233,0.006610519886016797,0.46564340591430664,0.13242835258345156,0,0,0,DETECTION
86,1,2026-05-04 14:48:35,NONE,72.96377396583557,0.0002754801881989055,0.3742179870605469,0.09233663834233329,0,0,0,DETECTION
87,2,2026-05-04 14:48:35,NONE,72.96807312965393,0.007406301498413037,0.3695058822631836,0.13242835258345156,0,0,0,DETECTION
88,1,2026-05-04 14:48:36,NONE,74.04036664962769,0.0037772560119628817,0.25896477699279785,0.09233663834233329,0,0,0,DETECTION
89,2,2026-05-04 14:48:36,NONE,74.04431438446045,0.004695661067962598,0.2437281608581543,0.13242835258345156,0,0,0,DETECTION
90,1,2026-05-04 14:48:37,NONE,75.06117391586304,0.0003777837753295987,0.07103300094604492,0.09233663834233329,0,0,0,DETECTION
91,2,2026-05-04 14:48:37,NONE,75.063955783844,0.00290543556213374,0.06590843200683594,0.13242835258345156,0,0,0,DETECTION
92,1,2026-05-04 14:48:38,NONE,76.14134907722473,0.0016780583523086912,0.5572116374969482,0.09233663834233329,0,0,0,DETECTION
93,2,2026-05-04 14:48:38,NONE,76.14750027656555,0.0016710829734801758,0.5413172245025635,0.13242835258345156,0,0,0,DETECTION
94,1,2026-05-04 14:48:40,NONE,77.57103037834167,0.009197106361389151,0.18462777137756348,0.09233663834233329,0,0,0,DETECTION
95,2,2026-05-04 14:48:40,NONE,77.64335322380066,0.0034305381774902832,0.16928625106811523,0.13242835258345156,0,0,0,DETECTION
96,1,2026-05-04 14:48:41,NONE,78.73015522956848,0.009047975540161124,0.1496284008026123,0.09233663834233329,0,0,0,DETECTION
97,2,2026-05-04 14:48:41,NONE,78.73491311073303,0.0038536715507507813,0.13396763801574707,0.13242835258345156,0,0,0,DETECTION
98,1,2026-05-04 14:48:42,NONE,80.12571930885315,0,0.27625226974487305,0.09233663834233329,0,0,0,DETECTION
99,2,2026-05-04 14:48:42,NONE,80.13013911247253,0.0021026802062987793,0.27105116844177246,0.13242835258345156,0,0,0,DETECTION
100,1,2026-05-04 14:48:44,NONE,81.23048973083496,0.08028452009272585,0.24878215789794922,0.09233663834233329,0,0,0,DETECTION
101,2,2026-05-04 14:48:44,NONE,81.30330634117126,0,0.23340487480163574,0.13242835258345156,0,0,0,DETECTION
102,1,2026-05-04 14:48:45,NONE,82.5204267501831,0.014252910430297971,0.33611130714416504,0.09233663834233329,0,0,0,DETECTION
103,2,2026-05-04 14:48:45,NONE,82.52510046958923,0.0040104007720947465,0.33076047897338867,0.13242835258345156,0,0,0,DETECTION
104,1,2026-05-04 14:48:46,NONE,83.72122812271118,0.004608788350570353,0.14306998252868652,0.09233663834233329,0,0,0,DETECTION
105,2,2026-05-04 14:48:46,NONE,83.80442881584167,0.01231149673461912,0.14771413803100586,0.13242835258345156,0,0,0,DETECTION
106,1,2026-05-04 14:48:47,NONE,85.0408034324646,0.004608788350570353,1.4623987674713135,0.09233663834233329,0,0,0,DETECTION
107,2,2026-05-04 14:48:47,NONE,85.04563045501709,0.015167512893676738,0.4412105083465576,0.13242835258345156,0,0,0,DETECTION
108,1,2026-05-04 14:48:48,NONE,86.19668817520142,0.004608788350570353,2.6184678077697754,0.09233663834233329,0,0,0,DETECTION
109,2,2026-05-04 14:48:49,NONE,86.33803415298462,0.005874327868807223,0.40020132064819336,0.13242835258345156,0,0,0,DETECTION
110,1,2026-05-04 14:48:50,TELEMETRY_LOSS,87.62431573867798,0.004608788350570353,4.046071529388428,0.09233663834233329,4.046071529388428,0,1,DETECTION
111,1,2026-05-04 14:48:50,TELEMETRY_LOSS,87.62431573867798,0.004608788350570353,4.046071529388428,0.09233663834233329,4.046071529388428,0,1,START
112,2,2026-05-04 14:48:50,NONE,87.69482350349426,0.0066034579277038374,0.0343778133392334,0.13242835258345156,0,0,0,DETECTION
113,1,2026-05-04 14:48:51,TELEMETRY_LOSS,88.969318151474,0.004608788350570353,5.391111373901367,0.09233663834233329,5.391073942184448,0,1,DETECTION
114,2,2026-05-04 14:48:51,NONE,88.97321438789368,0.005954142152241827,0.17490196228027344,0.13242835258345156,0,0,0,DETECTION
115,1,2026-05-04 14:48:53,TELEMETRY_LOSS,90.45275115966797,0.004608788350570353,6.874728202819824,0.09233663834233329,6.874506950378418,1.3450024127960205,1,DETECTION
116,2,2026-05-04 14:48:53,NONE,90.4570529460907,0.0028717899322509566,0.44893884658813477,0.13242835258345156,0,0,0,DETECTION
117,1,2026-05-04 14:48:54,TELEMETRY_LOSS,91.6288709640503,0.004608788350570353,8.050841093063354,0.09233663834233329,8.050626754760742,2.8284354209899902,1,DETECTION
118,2,2026-05-04 14:48:54,NONE,91.70046663284302,0.011439982418939398,0.44023871421813965,0.13242835258345156,0,0,0,DETECTION
119,1,2026-05-04 14:48:55,TELEMETRY_LOSS,92.8515694141388,0.004608788350570353,9.273112297058105,0.09233663834233329,9.273325204849243,4.0045552253723145,1,DETECTION
120,2,2026-05-04 14:48:55,NONE,92.85703754425049,0.012472459077835063,0.45908355712890625,0.13242835258345156,0,0,0,DETECTION
121,1,2026-05-04 14:48:56,TELEMETRY_LOSS,94.06263303756714,0.004608788350570353,10.48434567451477,0.09233663834233329,10.484388828277588,5.227253675460815,1,DETECTION
122,2,2026-05-04 14:48:56,NONE,94.068692445755,0.0027492849129477997,0.46837449073791504,0.13242835258345156,0,0,0,DETECTION
123,1,2026-05-04 14:48:58,TELEMETRY_LOSS,95.42523169517517,0.004608788350570353,11.847182273864746,0.09233663834233329,11.84698748588562,6.43831729888916,1,DETECTION
124,2,2026-05-04 14:48:58,NONE,95.43030881881714,0.00276024123542618,0.03114795684814453,0.13242835258345156,0,0,0,DETECTION
125,1,2026-05-04 14:48:59,TELEMETRY_LOSS,96.817298412323,0.004608788350570353,13.238977670669556,0.09233663834233329,13.239054203033447,7.800915956497192,1,DETECTION
126,2,2026-05-04 14:48:59,NONE,96.90551948547363,0.003890842577152878,0.2261672019958496,0.13242835258345156,0,0,0,DETECTION
127,1,2026-05-04 14:49:00,TELEMETRY_LOSS,98.15237927436829,0.004608788350570353,14.574156761169434,0.09233663834233329,14.574135065078735,9.19298267364502,1,DETECTION
128,2,2026-05-04 14:49:00,NONE,98.15776681900024,0.004948577880859395,0.365386962890625,0.13242835258345156,0,0,0,DETECTION
129,1,2026-05-04 14:49:02,TELEMETRY_LOSS,99.43129181861877,0.004608788350570353,15.852626323699951,0.09233663834233329,15.853047609329224,10.528063535690308,1,DETECTION
130,2,2026-05-04 14:49:02,NONE,99.44048738479614,0.0013292296339537544,0.43825435638427734,0.13242835258345156,0,0,0,DETECTION
131,1,2026-05-04 14:49:03,TELEMETRY_LOSS,100.87327027320862,0.004608788350570353,17.29508638381958,0.09233663834233329,17.295026063919067,11.806976079940796,1,DETECTION
132,2,2026-05-04 14:49:03,NONE,100.87628531455994,0.016079075082473415,0.07609105110168457,0.13242835258345156,0,0,0,DETECTION
133,1,2026-05-04 14:49:05,TELEMETRY_LOSS,102.23503017425537,0.004608788350570353,18.656806707382202,0.09233663834233329,18.65678596496582,13.24895453453064,1,DETECTION
134,2,2026-05-04 14:49:05,NONE,102.32451176643372,0.006101468211141173,0.24591875076293945,0.13242835258345156,0,0,0,DETECTION
135,1,2026-05-04 14:49:06,TELEMETRY_LOSS,103.79164385795593,0.004608788350570353,20.21281599998474,0.09233663834233329,20.213399648666382,14.610714435577393,1,DETECTION
136,2,2026-05-04 14:49:06,NONE,103.79915499687195,0.007455706310696179,0.004010438919067383,0.13242835258345156,0,0,0,DETECTION
137,1,2026-05-04 14:49:07,TELEMETRY_LOSS,104.97846984863281,0.004608788350570353,21.40043616294861,0.09233663834233329,21.40022563934326,16.167328119277954,1,DETECTION
138,2,2026-05-04 14:49:07,NONE,104.98405861854553,0.0012913727760314742,0.5904133319854736,0.13242835258345156,0,0,0,DETECTION
139,1,2026-05-04 14:49:09,TELEMETRY_LOSS,106.50332450866699,0.004608788350570353,22.925042390823364,0.09233663834233329,22.92508029937744,17.354154109954834,1,DETECTION
140,2,2026-05-04 14:49:09,NONE,106.51268935203552,0.0050540947914123335,0.2750215530395508,0.13242835258345156,0,0,0,DETECTION
141,1,2026-05-04 14:49:10,TELEMETRY_LOSS,108.08780550956726,0.004608788350570353,24.5085232257843,0.09233663834233329,24.50956130027771,18.879008769989014,1,DETECTION
142,2,2026-05-04 14:49:11,PATH_DEVIATION,108.21950387954712,0.5839805817604065,0.09026312828063965,0.5839805817604065,0,0,0,DETECTION
143,2,2026-05-04 14:49:11,PATH_DEVIATION,108.21950387954712,0.5839805817604065,0.09026312828063965,0.5839805817604065,0,0,0,START
144,1,2026-05-04 14:49:12,TELEMETRY_LOSS,109.91643714904785,0.004608788350570353,26.338382720947266,0.09233663834233329,26.3381929397583,20.463489770889282,1,DETECTION
145,2,2026-05-04 14:49:12,PATH_DEVIATION,110.01434302330017,0.7262374973297119,0.1271805763244629,0.7262374973297119,0,0,0,DETECTION
146,1,2026-05-04 14:49:14,TELEMETRY_LOSS,111.45424461364746,0.004608788350570353,27.876086711883545,0.09233663834233329,27.87600040435791,22.292121410369873,1,DETECTION
147,2,2026-05-04 14:49:14,PATH_DEVIATION,111.53811621665955,0.6954822754859924,0.40665340423583984,0.7262374973297119,0,1.7948391437530518,0,DETECTION
148,1,2026-05-04 14:49:15,TELEMETRY_LOSS,113.04363441467285,0.004608788350570353,29.465230226516724,0.09233663834233329,29.4653902053833,23.829928874969482,1,DETECTION
149,2,2026-05-04 14:49:15,PATH_DEVIATION,113.1471209526062,0.7012576079368591,0.25553441047668457,0.7262374973297119,0,3.3186123371124268,0,DETECTION
150,1,2026-05-04 14:49:17,TELEMETRY_LOSS,114.64266538619995,0.004608788350570353,31.063926935195923,0.09233663834233329,31.0644211769104,25.419318675994873,1,DETECTION
151,2,2026-05-04 14:49:17,PATH_DEVIATION,114.80929636955261,0.6952700233459472,0.05299115180969238,0.7262374973297119,0,4.927617073059082,0,DETECTION
152,1,2026-05-04 14:49:19,TELEMETRY_LOSS,116.20534873008728,0.004608788350570353,32.62637281417847,0.09233663834233329,32.62710452079773,27.018349647521973,1,DETECTION
153,2,2026-05-04 14:49:19,PATH_DEVIATION,116.30645990371704,0.7050287342071533,0.9625217914581299,0.7262374973297119,0,6.589792490005493,0,DETECTION
154,1,2026-05-04 14:49:20,TELEMETRY_LOSS,117.86624789237976,0.004608788350570353,34.28732895851135,0.09233663834233329,34.28800368309021,28.5810329914093,1,DETECTION
155,2,2026-05-04 14:49:20,PATH_DEVIATION,117.96088910102844,0.703298053741455,0.27492260932922363,0.7262374973297119,0,8.086956024169922,0,DETECTION
156,1,2026-05-04 14:49:22,TELEMETRY_LOSS,119.7515037059784,0.004608788350570353,36.173287868499756,0.09233663834233329,36.17325949668884,30.241932153701782,1,DETECTION
157,2,2026-05-04 14:49:22,PATH_DEVIATION,119.9190981388092,0.7076916909217834,0.36904263496398926,0.7262374973297119,0,9.741385221481323,0,DETECTION
158,1,2026-05-04 14:49:24,TELEMETRY_LOSS,121.38817095756531,0.004608788350570353,37.80984091758728,0.09233663834233329,37.80992674827576,32.127187967300415,1,DETECTION
159,2,2026-05-04 14:49:24,PATH_DEVIATION,121.47227311134338,0.7098064637184143,0.20502877235412598,0.7262374973297119,0,11.699594259262085,0,DETECTION
160,1,2026-05-04 14:49:25,TELEMETRY_LOSS,123.18152713775635,0.004608788350570353,39.60344958305359,0.09233663834233329,39.6032829284668,33.76385521888733,1,DETECTION
161,2,2026-05-04 14:49:26,PATH_DEVIATION,123.28601360321045,0.7089292621612548,0.18968415260314941,0.7262374973297119,0,13.252769231796265,0,DETECTION
162,1,2026-05-04 14:49:27,TELEMETRY_LOSS,124.70185327529907,0.004608788350570353,41.123310804367065,0.09233663834233329,41.12360906600952,35.55721139907837,1,DETECTION
163,2,2026-05-04 14:49:27,PATH_DEVIATION,124.79664945602417,0.6875726199150085,0.5245418548583984,0.7262374973297119,0,15.06650972366333,0,DETECTION
164,1,2026-05-04 14:49:29,TELEMETRY_LOSS,126.30822443962097,0.004608788350570353,42.729511976242065,0.09233663834233329,42.72998023033142,37.077537536621094,1,DETECTION
165,2,2026-05-04 14:49:29,PATH_DEVIATION,126.46263003349304,0.5449087834358215,0.31940126419067383,0.7262374973297119,0,16.57714557647705,0,DETECTION
166,1,2026-05-04 14:49:30,TELEMETRY_LOSS,127.94647336006165,0.004608788350570353,44.36810088157654,0.09233663834233329,44.368229150772095,38.68390870094299,1,DETECTION
167,2,2026-05-04 14:49:30,NONE,127.95239281654358,0.2527505373954773,0.1575181484222412,0.7262374973297119,0,18.243126153945923,0,DETECTION
168,2,2026-05-04 14:49:30,NONE,127.95239281654358,0.2527505373954773,0.1575181484222412,0.7262374973297119,0,19.73288893699646,0,END
169,1,2026-05-04 14:49:32,TELEMETRY_LOSS,129.62746024131775,0.004608788350570353,46.04927968978882,0.09233663834233329,46.0492160320282,40.32215762138367,1,DETECTION
170,2,2026-05-04 14:49:32,PATH_DEVIATION,129.72964024543762,0.694597623348236,0.03679513931274414,0.7262374973297119,0,19.73288893699646,0,DETECTION
171,2,2026-05-04 14:49:32,PATH_DEVIATION,129.72964024543762,0.694597623348236,0.03679513931274414,0.7262374973297119,0,19.73288893699646,0,START
172,1,2026-05-04 14:49:34,TELEMETRY_LOSS,131.24850416183472,0.004608788350570353,47.66940879821777,0.09233663834233329,47.670259952545166,42.00314450263977,1,DETECTION
173,2,2026-05-04 14:49:34,PATH_DEVIATION,131.33274841308594,0.7234413242340088,0.4609658718109131,0.7262374973297119,0,19.73288893699646,0,DETECTION
174,1,2026-05-04 14:49:35,TELEMETRY_LOSS,132.8996319770813,0.004608788350570353,49.32116961479187,0.09233663834233329,49.32138776779175,43.62418842315674,1,DETECTION
175,2,2026-05-04 14:49:35,PATH_DEVIATION,133.04413771629333,0.7015400743484497,0.30643510818481445,0.7262374973297119,0,21.335997104644775,0,DETECTION
176,1,2026-05-04 14:49:37,TELEMETRY_LOSS,134.37578344345093,0.004608788350570353,50.79695200920105,0.09233663834233329,50.79753923416138,45.27531623840332,1,DETECTION
177,2,2026-05-04 14:49:37,PATH_DEVIATION,134.46602606773376,0.6966410493850708,0.5799596309661865,0.7262374973297119,0,23.047386407852173,0,DETECTION
178,1,2026-05-04 14:49:39,TELEMETRY_LOSS,136.21560335159302,0.004608788350570353,52.63694429397583,0.09233663834233329,52.63735914230347,46.75146770477295,1,DETECTION
179,2,2026-05-04 14:49:39,PATH_DEVIATION,136.31452822685242,0.7053030347824096,0.04129314422607422,0.7262374973297119,0,24.469274759292603,0,DETECTION
180,1,2026-05-04 14:49:40,TELEMETRY_LOSS,137.7125906944275,0.004608788350570353,54.13420510292053,0.09233663834233329,54.13434648513794,48.59128761291504,1,DETECTION
181,2,2026-05-04 14:49:40,PATH_DEVIATION,137.80446100234985,0.7069547390937805,0.3247714042663574,0.7262374973297119,0,26.317776918411255,0,DETECTION
182,1,2026-05-04 14:49:41,TELEMETRY_LOSS,139.1762969493866,0.004608788350570353,55.59751081466675,0.09233663834233329,55.598052740097046,50.08827495574951,1,DETECTION
183,2,2026-05-04 14:49:42,PATH_DEVIATION,139.33087944984436,0.6987272715568542,0.5878345966339111,0.7262374973297119,0,27.80770969390869,0,DETECTION
184,1,2026-05-04 14:49:43,TELEMETRY_LOSS,140.87795734405518,0.004608788350570353,57.299776792526245,0.09233663834233329,57.299713134765625,51.55198121070862,1,DETECTION
185,2,2026-05-04 14:49:43,PATH_DEVIATION,140.95658206939697,0.7140785074234008,0.4841153621673584,0.7262374973297119,0,29.3341281414032,0,DETECTION
186,1,2026-05-04 14:49:45,TELEMETRY_LOSS,142.4791395664215,0.004608788350570353,58.90111994743347,0.09233663834233329,58.90089535713196,53.2536416053772,1,DETECTION
187,2,2026-05-04 14:49:45,PATH_DEVIATION,142.5581076145172,0.7054179525375366,0.291579008102417,0.7262374973297119,0,30.95983076095581,0,DETECTION
188,1,2026-05-04 14:49:46,TELEMETRY_LOSS,144.14931654930115,0.004608788350570353,60.57100224494934,0.09233663834233329,60.5710723400116,54.85482382774353,1,DETECTION
189,2,2026-05-04 14:49:47,PATH_DEVIATION,144.2234582901001,0.7139598941802978,0.15712499618530273,0.7262374973297119,0,32.56135630607605,0,DETECTION
190,1,2026-05-04 14:49:48,TELEMETRY_LOSS,145.74405121803284,0.004608788350570353,62.166019439697266,0.09233663834233329,62.165807008743286,56.52500081062317,1,DETECTION
191,2,2026-05-04 14:49:48,PATH_DEVIATION,145.8808524608612,0.7105499124526977,0.5631918907165527,0.7262374973297119,0,34.226706981658936,0,DETECTION
192,1,2026-05-04 14:49:50,TELEMETRY_LOSS,147.21617889404297,0.004608788350570353,63.637974977493286,0.09233663834233329,63.63793468475342,58.11973547935486,1,DETECTION
193,2,2026-05-04 14:49:50,PATH_DEVIATION,147.29360151290894,0.7115085935592651,0.23668980598449707,0.7262374973297119,0,35.884101152420044,0,DETECTION
194,1,2026-05-04 14:49:51,TELEMETRY_LOSS,148.85136198997498,0.004608788350570353,65.27230334281921,0.09233663834233329,65.27311778068542,59.59186315536499,1,DETECTION
195,2,2026-05-04 14:49:51,PATH_DEVIATION,148.93478226661682,0.7109844303131103,0.06445479393005371,0.7262374973297119,0,37.29685020446777,0,DETECTION
196,1,2026-05-04 14:49:53,TELEMETRY_LOSS,150.61620450019836,0.004608788350570353,67.03790020942688,0.09233663834233329,67.03796029090881,61.227046251297,1,DETECTION
197,2,2026-05-04 14:49:53,PATH_DEVIATION,150.71133422851562,0.7105007982254028,0.03393197059631348,0.7262374973297119,0,38.93803095817566,0,DETECTION
198,1,2026-05-04 14:49:54,TELEMETRY_LOSS,152.0549008846283,0.004608788350570353,68.47643804550171,0.09233663834233329,68.47665667533875,62.991888761520386,1,DETECTION
199,2,2026-05-04 14:49:54,PATH_DEVIATION,152.19751286506653,0.711043438911438,0.2717733383178711,0.7262374973297119,0,40.71458292007446,0,DETECTION
200,1,2026-05-04 14:49:56,TELEMETRY_LOSS,153.69890832901,0.004608788350570353,70.12044310569763,0.09233663834233329,70.12066411972046,64.43058514595032,1,DETECTION
201,2,2026-05-04 14:49:56,PATH_DEVIATION,153.77906942367554,0.7106418228149414,1.3127777576446533,0.7262374973297119,0,42.200761556625366,0,DETECTION
202,1,2026-05-04 14:49:58,TELEMETRY_LOSS,155.2995889186859,0.004608788350570353,71.72071313858032,0.09233663834233329,71.72134470939636,66.07459259033203,1,DETECTION
203,2,2026-05-04 14:49:58,PATH_DEVIATION,155.37952518463135,0.7106418228149414,2.9130477905273438,0.7262374973297119,0,43.782318115234375,0,DETECTION
204,1,2026-05-04 14:49:59,TELEMETRY_LOSS,157.0720567703247,0.004608788350570353,73.49356746673584,0.09233663834233329,73.49381256103516,67.67527318000793,1,DETECTION
205,2,2026-05-04 14:49:59,TELEMETRY_LOSS,157.19400358200073,0.7106418228149414,4.685902118682861,0.7262374973297119,4.685902118682861,45.382773876190186,1,DETECTION
206,1,2026-05-04 14:50:01,TELEMETRY_LOSS,158.54712319374084,0.004608788350570353,74.96855974197388,0.09233663834233329,74.9688789844513,69.44774103164673,1,DETECTION
207,2,2026-05-04 14:50:01,TELEMETRY_LOSS,158.70198559761047,0.7106418228149414,6.160894393920898,0.7262374973297119,6.1938841342926025,47.19725227355957,1,DETECTION
208,1,2026-05-04 14:50:02,TELEMETRY_LOSS,160.00768518447876,0.004608788350570353,76.42905330657959,0.09233663834233329,76.42944097518921,70.92280745506287,1,DETECTION
209,2,2026-05-04 14:50:02,TELEMETRY_LOSS,160.08525586128235,0.7106418228149414,7.621387958526611,0.7262374973297119,7.5771543979644775,48.70523428916931,1,DETECTION
210,1,2026-05-04 14:50:04,TELEMETRY_LOSS,161.71640539169312,0.004608788350570353,78.13826155662537,0.09233663834233329,78.13816118240356,72.38336944580078,1,DETECTION
211,2,2026-05-04 14:50:04,TELEMETRY_LOSS,161.8101406097412,0.7106418228149414,9.330596208572388,0.7262374973297119,9.30203914642334,50.08850455284119,1,DETECTION
212,1,2026-05-04 14:50:06,TELEMETRY_LOSS,163.4328064918518,0.004608788350570353,79.85478663444519,0.09233663834233329,79.85456228256226,74.09208965301514,1,DETECTION
213,2,2026-05-04 14:50:06,TELEMETRY_LOSS,163.60462188720703,0.7106418228149414,11.047121286392212,0.7262374973297119,11.09652042388916,51.81338930130005,1,DETECTION
214,1,2026-05-04 14:50:07,TELEMETRY_LOSS,165.18549799919128,0.004608788350570353,81.60707235336304,0.09233663834233329,81.60725378990173,75.80849075317383,1,DETECTION
215,2,2026-05-04 14:50:08,TELEMETRY_LOSS,165.26416897773743,0.7106418228149414,12.799407005310059,0.7262374973297119,12.756067514419556,53.60787057876587,1,DETECTION
216,1,2026-05-04 14:50:09,TELEMETRY_LOSS,166.6220293045044,0.004608788350570353,83.04376339912415,0.09233663834233329,83.04378509521484,77.5611822605133,1,DETECTION
217,2,2026-05-04 14:50:09,TELEMETRY_LOSS,166.71662998199463,0.7106418228149414,14.236098051071167,0.7262374973297119,14.208528518676758,55.267417669296265,1,DETECTION
218,1,2026-05-04 14:50:11,TELEMETRY_LOSS,168.60140705108643,0.004608788350570353,85.0230176448822,0.09233663834233329,85.02316284179688,78.99771356582642,1,DETECTION
219,2,2026-05-04 14:50:11,TELEMETRY_LOSS,168.74468755722046,0.7106418228149414,16.215352296829224,0.7262374973297119,16.236586093902588,56.71987867355347,1,DETECTION
220,1,2026-05-04 14:50:12,TELEMETRY_LOSS,170.05958771705627,0.004608788350570353,86.4810938835144,0.09233663834233329,86.48134350776672,80.97709131240845,1,DETECTION
221,2,2026-05-04 14:50:12,TELEMETRY_LOSS,170.14205741882324,0.7106418228149414,17.673428535461426,0.7262374973297119,17.63395595550537,58.7479362487793,1,DETECTION
222,1,2026-05-04 14:50:14,TELEMETRY_LOSS,171.4002401828766,0.004608788350570353,87.8215446472168,0.09233663834233329,87.82199597358704,82.4352719783783,1,DETECTION
223,2,2026-05-04 14:50:14,TELEMETRY_LOSS,171.47110605239868,0.7106418228149414,19.01387929916382,0.7262374973297119,18.96300458908081,60.14530611038208,1,DETECTION
224,1,2026-05-04 14:50:15,TELEMETRY_LOSS,172.8367462158203,0.004608788350570353,89.25861620903015,0.09233663834233329,89.25850200653076,83.77592444419861,1,DETECTION
225,2,2026-05-04 14:50:15,TELEMETRY_LOSS,172.92018151283264,0.7106418228149414,20.450950860977173,0.7262374973297119,20.41208004951477,61.47435474395752,1,DETECTION
226,1,2026-05-04 14:50:17,TELEMETRY_LOSS,174.3235785961151,0.004608788350570353,90.74528455734253,0.09233663834233329,90.74533438682556,85.21243047714233,1,DETECTION
227,2,2026-05-04 14:50:17,TELEMETRY_LOSS,174.46745610237122,0.7106418228149414,21.93761920928955,0.7262374973297119,21.959354639053345,62.92343020439148,1,DETECTION
228,1,2026-05-04 14:50:18,TELEMETRY_LOSS,175.8189058303833,0.004608788350570353,92.24065589904785,0.09233663834233329,92.24066162109375,86.69926285743713,1,DETECTION
229,2,2026-05-04 14:50:18,TELEMETRY_LOSS,175.91390371322632,0.7106418228149414,23.432990550994873,0.7262374973297119,23.405802249908447,64.47070479393005,1,DETECTION
230,1,2026-05-04 14:50:20,TELEMETRY_LOSS,177.23838758468628,0.004608788350570353,93.66027545928955,0.09233663834233329,93.66014337539673,88.19459009170532,1,DETECTION
231,2,2026-05-04 14:50:20,TELEMETRY_LOSS,177.3181345462799,0.7106418228149414,24.852610111236572,0.7262374973297119,24.810033082962036,65.91715240478516,1,DETECTION
232,1,2026-05-04 14:50:21,TELEMETRY_LOSS,178.70488095283508,0.004608788350570353,95.12637972831726,0.09233663834233329,95.12663674354553,89.6140718460083,1,DETECTION
233,2,2026-05-04 14:50:21,TELEMETRY_LOSS,178.79031372070312,0.7106418228149414,26.318714380264282,0.7262374973297119,26.282212257385254,67.32138323783875,1,DETECTION
234,1,2026-05-04 14:50:23,TELEMETRY_LOSS,180.22535920143127,0.004608788350570353,96.64719891548157,0.09233663834233329,96.64711499214172,91.0805652141571,1,DETECTION
235,2,2026-05-04 14:50:23,TELEMETRY_LOSS,180.35637760162354,0.7106418228149414,27.83953356742859,0.7262374973297119,27.848276138305664,68.79356241226196,1,DETECTION
236,1,2026-05-04 14:50:24,TELEMETRY_LOSS,181.82802152633667,0.004608788350570353,98.25006246566772,0.09233663834233329,98.24977731704712,92.6010434627533,1,DETECTION
237,2,2026-05-04 14:50:24,TELEMETRY_LOSS,181.88817691802979,0.7106418228149414,29.442397117614746,0.7262374973297119,29.380075454711914,70.35962629318237,1,DETECTION
238,1,2026-05-04 14:50:25,TELEMETRY_LOSS,183.13910245895386,0.004608788350570353,99.56051683425903,0.09233663834233329,99.5608582496643,94.20370578765869,1,DETECTION
239,2,2026-05-04 14:50:26,TELEMETRY_LOSS,183.21656847000122,0.7106418228149414,30.752851486206055,0.7262374973297119,30.70846700668335,71.89142560958862,1,DETECTION
240,1,2026-05-04 14:50:27,TELEMETRY_LOSS,184.50786757469177,0.004608788350570353,100.92935824394226,0.09233663834233329,100.92962336540222,95.51478672027588,1,DETECTION
241,2,2026-05-04 14:50:27,TELEMETRY_LOSS,184.60132122039795,0.7106418228149414,32.12169289588928,0.7262374973297119,32.09321975708008,73.21981716156006,1,DETECTION
242,1,2026-05-04 14:50:28,TELEMETRY_LOSS,186.05424547195435,0.004608788350570353,102.47609281539917,0.09233663834233329,102.4760012626648,96.8835518360138,1,DETECTION
243,2,2026-05-04 14:50:29,TELEMETRY_LOSS,186.211927652359,0.7106418228149414,33.66842746734619,0.7262374973297119,33.70382618904114,74.60456991195679,1,DETECTION
244,1,2026-05-04 14:50:30,TELEMETRY_LOSS,187.78439688682556,0.004608788350570353,104.20633578300476,0.09233663834233329,104.20615267753601,98.42992973327637,1,DETECTION
245,2,2026-05-04 14:50:30,TELEMETRY_LOSS,187.86895871162415,0.7106418228149414,35.39867043495178,0.7262374973297119,35.360857248306274,76.21517634391785,1,DETECTION
246,1,2026-05-04 14:50:32,TELEMETRY_LOSS,189.39549374580383,0.004608788350570353,105.81703686714172,0.09233663834233329,105.81724953651428,100.16008114814758,1,DETECTION
247,2,2026-05-04 14:50:32,TELEMETRY_LOSS,189.5482189655304,0.7106418228149414,37.009371519088745,0.7262374973297119,37.040117502212524,77.87220740318298,1,DETECTION
248,1,2026-05-04 14:50:33,TELEMETRY_LOSS,191.01356530189514,0.004608788350570353,107.4352810382843,0.09233663834233329,107.43532109260559,101.77117800712585,1,DETECTION
249,2,2026-05-04 14:50:33,TELEMETRY_LOSS,191.07976746559143,0.7106418228149414,38.62761569023132,0.7262374973297119,38.57166600227356,79.55146765708923,1,DETECTION
250,1,2026-05-04 14:50:35,TELEMETRY_LOSS,192.41400599479675,0.004608788350570353,108.83581638336182,0.09233663834233329,108.8357617855072,103.38924956321716,1,DETECTION
251,2,2026-05-04 14:50:35,TELEMETRY_LOSS,192.5667724609375,0.7106418228149414,40.02815103530884,0.7262374973297119,40.05867099761963,81.08301615715027,1,DETECTION
252,1,2026-05-04 14:50:36,TELEMETRY_LOSS,194.08071446418762,0.004608788350570353,110.50261306762695,0.09233663834233329,110.50247025489807,104.78969025611877,1,DETECTION
253,2,2026-05-04 14:50:36,TELEMETRY_LOSS,194.16177320480347,0.7106418228149414,41.694947719573975,0.7262374973297119,41.653671741485596,82.57002115249634,1,DETECTION
254,1,2026-05-04 14:50:38,TELEMETRY_LOSS,195.66596221923828,0.004608788350570353,112.08780837059021,0.09233663834233329,112.08771800994873,106.45639872550964,1,DETECTION
255,2,2026-05-04 14:50:38,TELEMETRY_LOSS,195.74885511398315,0.7106418228149414,43.28014302253723,0.7262374973297119,43.24075365066528,84.1650218963623,1,DETECTION
256,1,2026-05-04 14:50:40,TELEMETRY_LOSS,197.6730785369873,0.004608788350570353,114.0949022769928,0.09233663834233329,114.09483432769775,108.0416464805603,1,DETECTION
257,2,2026-05-04 14:50:40,TELEMETRY_LOSS,197.82791590690613,0.7106418228149414,45.28723692893982,0.7262374973297119,45.31981444358826,85.75210380554199,1,DETECTION
258,1,2026-05-04 14:50:42,TELEMETRY_LOSS,199.45534896850586,0.004608788350570353,115.87710881233215,0.09233663834233329,115.87710475921631,110.04876279830933,1,DETECTION
259,2,2026-05-04 14:50:42,TELEMETRY_LOSS,199.5317668914795,0.7106418228149414,47.069443464279175,0.7262374973297119,47.02366542816162,87.83116459846497,1,DETECTION
260,1,2026-05-04 14:50:43,TELEMETRY_LOSS,200.70221209526062,0.004608788350570353,117.12404727935791,0.09233663834233329,117.12396788597107,111.83103322982788,1,DETECTION
261,2,2026-05-04 14:50:43,TELEMETRY_LOSS,200.78823256492615,0.7106418228149414,48.31638193130493,0.7262374973297119,48.280131101608276,89.53501558303833,1,DETECTION
262,1,2026-05-04 14:50:44,TELEMETRY_LOSS,202.15423893928528,0.004608788350570353,118.5757360458374,0.09233663834233329,118.57599472999573,113.07789635658264,1,DETECTION
263,2,2026-05-04 14:50:45,TELEMETRY_LOSS,202.2506709098816,0.7106418228149414,49.768070697784424,0.7262374973297119,49.74256944656372,90.79148125648499,1,DETECTION
264,1,2026-05-04 14:50:46,TELEMETRY_LOSS,203.58491373062134,0.004608788350570353,120.0066545009613,0.09233663834233329,120.00666952133179,114.5299232006073,1,DETECTION
265,2,2026-05-04 14:50:46,TELEMETRY_LOSS,203.70513534545898,0.7106418228149414,51.198989152908325,0.7262374973297119,51.19703388214111,92.25391960144043,1,DETECTION
266,1,2026-05-04 14:50:47,TELEMETRY_LOSS,205.0459303855896,0.004608788350570353,121.46754169464111,0.09233663834233329,121.46768617630005,115.96059799194336,1,DETECTION
267,2,2026-05-04 14:50:47,TELEMETRY_LOSS,205.12521934509277,0.7106418228149414,52.659876346588135,0.7262374973297119,52.6171178817749,93.70838403701782,1,DETECTION
268,1,2026-05-04 14:50:49,TELEMETRY_LOSS,206.36431765556335,0.004608788350570353,122.78615260124207,0.09233663834233329,122.7860734462738,117.42161464691162,1,DETECTION
269,2,2026-05-04 14:50:49,TELEMETRY_LOSS,206.44250559806824,0.7106418228149414,53.97848725318909,0.7262374973297119,53.934404134750366,95.12846803665161,1,DETECTION
270,1,2026-05-04 14:50:50,TELEMETRY_LOSS,207.8274266719818,0.004608788350570353,124.24896764755249,0.09233663834233329,124.24918246269226,118.74000191688538,1,DETECTION
271,2,2026-05-04 14:50:50,TELEMETRY_LOSS,207.90198302268982,0.7106418228149414,55.44130229949951,0.7262374973297119,55.39388155937195,96.44575428962708,1,DETECTION
272,1,2026-05-04 14:50:51,TELEMETRY_LOSS,209.19671273231506,0.004608788350570353,125.61850261688232,0.09233663834233329,125.61846852302551,120.20311093330383,1,DETECTION
273,2,2026-05-04 14:50:52,TELEMETRY_LOSS,209.3306541442871,0.7106418228149414,56.810837268829346,0.7262374973297119,56.82255268096924,97.90523171424866,1,DETECTION
274,1,2026-05-04 14:50:53,TELEMETRY_LOSS,210.73773336410522,0.004608788350570353,127.15956711769104,0.09233663834233329,127.15948915481567,121.57239699363708,1,DETECTION
275,2,2026-05-04 14:50:53,TELEMETRY_LOSS,210.83279037475586,0.7106418228149414,58.35190176963806,0.7262374973297119,58.32468891143799,99.33390283584595,1,DETECTION
276,1,2026-05-04 14:50:54,TELEMETRY_LOSS,211.30141830444336,0.004608788350570353,127.72319889068604,0.09233663834233329,127.72317409515381,123.11341762542725,1,DETECTION
277,2,2026-05-04 14:50:54,TELEMETRY_LOSS,211.39114093780518,0.7106418228149414,58.91553354263306,0.7262374973297119,58.883039474487305,100.8360390663147,1,DETECTION
278,1,2026-05-04 14:50:55,TELEMETRY_LOSS,212.68355774879456,0.004608788350570353,129.10516953468323,0.09233663834233329,129.105313539505,123.67710256576538,1,DETECTION
279,2,2026-05-04 14:50:55,TELEMETRY_LOSS,212.75724148750305,0.7106418228149414,60.29750418663025,0.7262374973297119,60.24914002418518,101.39438962936401,1,DETECTION
280,1,2026-05-04 14:50:56,TELEMETRY_LOSS,214.18204593658447,0.004608788350570353,130.6038978099823,0.09233663834233329,130.60380172729492,125.05924201011658,1,DETECTION
281,2,2026-05-04 14:50:57,TELEMETRY_LOSS,214.2669174671173,0.7106418228149414,61.79623246192932,0.7262374973297119,61.75881600379944,102.76049017906189,1,DETECTION
282,1,2026-05-04 14:50:58,TELEMETRY_LOSS,215.69244766235352,0.004608788350570353,132.11425828933716,0.09233663834233329,132.11420345306396,126.5577301979065,1,DETECTION
283,2,2026-05-04 14:50:58,TELEMETRY_LOSS,215.8189980983734,0.7106418228149414,63.30659294128418,0.7262374973297119,63.31089663505554,104.27016615867615,1,DETECTION
